{"gen": 240, "net": {"whi": [0.559812585652582, 0.2175244603509639, 1, -0.04078082675745254, 0.1358282777030066, 0.6854794296776521, -0.2713266928198805, -0.597568022606597, 0.09082722514888775, 0.23611856799677194, 0.6313637024323894, 0.6556424854670222, -0.617027707365692, 0.9078563105285887, -1, 0.5447567203986408, 0.5617567578309659, -1, 0.4311230448526105, 0.8659948733656063, 0.27966320445771375, 0.8328176501921161, -0.04378343373090787, 0.23789799393698652, -0.15926286558758707, -0.0554204476311371, 0.37913575305583114, 0.027035369905420242, 0.9030459943734395, -0.3678923085380862, -1, 1, -0.7691019765600323, -0.15228762784664493, 0.38423713695282935, -0.662674225948802, -0.6006081408754248, 0.7074952378337445, 1, 0.6068777575622075, 0.1201193676274462, 0.6410322892118756, -0.08096944694893063, -0.08957558826732426, 1, 0.7039254140955044, -0.42862809193180273, -0.7723675934507261, 0.3041033847353074, 0.3717810936339543, -0.15142651275515712, -1, -0.20378984063613734, 0.6897750135227763, -0.17512979007051116, 0.5047383345606232, -0.10443206599050452, -0.12266385836670064, -1, -0.9553072037340897, 0.5747198075713571, -0.8306643904675041, 0.335613690881724, -0.6980218027798184, 1, -0.8107726366750951, 0.13963410222607536, 0.08297590697577785, 0.44223767314852747, 0.3561863042958654, -0.7529904752755896, -0.4684859748770522, 1, -0.558264126536115, 0.1623198868357126, 0.5172183179775347, -0.5935340770167626, -0.07108820515151859, 0.46611115649915197, 0.10979437801306344, 0.18699358969465096, -0.6489281091326503, -0.45748693173572336, 0.5559484310447826, -0.3447407800346667, -0.3776329659453861, 0.9090530392528918, -0.2013414682675857, 0.31775703447709197, 0.8032298749028153, -0.1763063133343012, 0.1675710927243359, -0.23066830249233983, 0.479950775160199, 0.8710616751656967, -0.13536687416684662, 0.11074293922114509, 0.6467626480809225, 0.7704941433266862, 0.6240657400374812, -0.2190057428638619, 1, 0.6417873634930588, 0.8266036895418458, -0.16679671431388296, 0.5685842470269469, 0.6711686270648517, 0.02998841297571425, 0.6894280666653909, 0.4422461957766438, -0.2214568830316961, -0.37824733154458556, 0.48669009690218185, 0.5818027833717172, 1, -0.027889046310694096, -0.9926274338167071, 1, -0.5805115136494068, 0.3576631999435711, -0.682097887447875, 0.016803213905769145, -0.9384348902606787, 1, -0.802504704389293, -0.5694007461576234, -0.018275894284325744, 0.5202747905199123, -0.08541299682248474, -0.31181110515902044, -1, -0.6085187404266921, -0.1209930633611674, 0.38897775573892945, 0.9887324893690711, -0.7852760877944313, -0.7276839381400438, 0.6785215546194223, -1, 0.43376471319740073, 0.6698018506469166, -0.5604076868448175, -0.3699161688383648, -0.3971042047608973, 0.635500108645783, -0.11544015382515357, 0.43639061460203066, -1, 1, -1, -0.9416545434694706, -0.5108700983216139, 0.13335998943633448, 0.49035855968701086, -0.8443642285021243, 0.8046074139418261, -0.21913252929582117, -0.621543523937793, -1, -0.8217522653134186, 0.22811167306407049, 0.294780288314056, 0.2906862639947079, -0.3918879660338109, 0.7583306595779138, -0.5408922974701843, -0.5159758033878011, -0.0555638905821394, 0.6269785785229569, -0.6203870962513065, 0.06620145652642809, -1, 0.14190346871539128, -0.6893773161767077, -0.8465208270339004, -0.6752005978037379, -0.6171315024633225, 1, -0.2539238166729375, 0.25770948261268767, 0.6756473002778622, 0.34634834944563087, -0.7669565468395363, -0.5175388825010107, -0.6011302089463912, -1, -1, -0.8202484929161885, 0.4980654699137752, 0.5640003641927654, 0.6839407931235811, -0.7902831995995483, 0.15613877126689357, 0.15354581856232782, 0.6026150900809749, -0.8673916078568338, 0.7093275446851771, 0.10450852933411431, 0.9314185243153814, -0.4405248287570078, 0.0006258605943649798, -0.13772624041397316, -0.29390948598860606, 0.6960066738603424, -1, -0.7007817831321945, -0.016571890469437495, 0.7994996962408792, 0.9765585437584338, 0.05332858420654811, -0.01863986196740286, -0.45246672630383705, -0.5676573352783261, -0.4307427262791723, 0.9072907054831922, 0.7186476783552533, -1, -0.6943100872964705, -0.6621525469276228, -0.48587733005670564, 0.30789458110957457, 0.6585533705599643, 0.2098486598476096, 1, 0.6493216489745275, -0.6141395263042475, 0.07203465659172228, -0.1522569040532325, -0.5233781791808748, 1, 0.22249178458108076, 0.9745411257968488, 0.30857591237462734, -0.6442421141712005, -0.16448314857173185, 0.5343215923316343, 0.24569217458189158, 0.9075399937147995, -1, -0.2601465605143512, -0.939820835409928, 0.012482936410610962, 0.07705270219319901, 1, 0.5940263411355718, -0.6374301313379382, -0.5411545448458857, 0.48509187729839875, -0.4242369156327215, -0.6335861148762394, -1, -0.5282149163617643, 1, 0.7086277640427333, 0.4850121409212511, 0.3999528260214769, -0.27019433975343654, 0.6104972728328951, -0.5214055650143135, -0.8446936282367851, 0.07445891778922442, -0.011600040422371005, -0.521926329237665, 0.7924029798665781, 0.1197949171692741, -0.38290084600519425, -0.48601635633247153, 0.21166638599482815, 0.6991955163977596, 0.7979293013124099, -0.50900109694691, 0.7499872763335261, 0.17899861468286957, -0.913212121299351, 0.31499275930339876, 0.9404098009971401, 0.5652698573823381, -0.28376722462182974, 0.14473770174286826, -0.9014108270631325, 0.6852167184718735, -0.6794469421167052, 0.934337097113456, 1, -0.3233703978845749, -0.9193065440117012, -0.7953418247286261, 1, -0.555661860395158, -0.7727323823526828, 0.35952030042417893, 0.15791768054337418, 1, 0.2726872905005186, 0.3076593840871876, -0.6970873097692236, 0.5706917476557505, -0.9261038343054261, 0.2779209351657423, 0.09982954752075711, -0.42690235695871015, -0.3243961353131975, 0.8789767871877172, -1, 0.3102957750476931, 0.7571744809157499, 0.30283234996134706, -0.357031860945933, -0.34793241658660556, 0.5214653536626543, 0.8242395566957497, -0.6995854014840066, 0.00922976777695484, 0.015270204203992097, 1, 1, 0.3730561940035574, 0.016334855438946562, 0.06312475768001082, -0.11403097590203462, 0.6485594039766763, 1, 0.014004359830619248, -0.802900019981628, -0.645852784128935, 0.5477758586895998, -0.2495059022137062, 0.5505592963693544, 0.5480912147650872, -0.450269312672098, 0.26710101062885194, -1, 0.8133995770322228, -0.1615658905119676, 0.7489908119963796, 0.6797724102939154, 0.07423373333090671, 0.1612019991739905, 0.462263849489405, -0.7754069561131076, -1, 0.4254016263991714, -0.44920647183706575, 0.21504080139162945, -0.7986622913336393, -1, -0.4451153898258531, -0.16998153443529315, 0.020731769355739282, -0.07195751664110685, -0.8329877663789493, 1, -0.09501331737168581, 1, 0.5603693948387962, 0.06026730297819072, -1, 0.7598777828778569, -1, 0.1127531419451213, 0.5908731089852154, 1, -0.5574898694613046, 0.7533923757010754, 0.5652856426304673, -1, 0.26611244781016063, 0.9402953954546829, -0.7127697498107688, 0.5342199897268258, 0.09198131301281157, -0.5226960432635084, -0.6249907356783138, 0.25868264689463366, -0.8515704515032014, -0.8033921995374103, 0.057375987460564166, -0.29231869526411736, 0.21621552069431482, 0.7001733923061088, -1, 1, 1, -0.2705841496066728, -1, 1, 0.8329207039648658, 0.855189802121358, 0.2014467381608414, -0.13498952494703936, -0.5415825226715593, 0.1813237965029395, 0.15196639459686118, -0.40241532062580093, -0.9484138923055503, -0.5823766560474548, 0.7890888032810857, -0.27218304389139836, -0.7569186025992355, 0.27561090945752403, -0.8862091136061125, -0.5636240994670368, 0.8735953302836194, -0.5616620358466137, -1, -0.6146177146348929, -0.0005403745993630207, -0.6946896724939711, 0.9606402217186273, -0.945296772083821, 0.9340050624664104, -0.10860071520778514, -1, 0.006261612900598349, -0.714098938443885, -0.5872749007347948, 1, 0.714864717280156, -0.011952410673698718, 0.31498550290208505, 0.12702877408780083, -0.0033345655467164614, 1, -0.8822082205778853, 0.7010831586269637, 4.2646326613493546e-05, 0.4068669682051152, 0.5928921430035333, 0.6203543895909049, -0.6145104224851784, 0.7011705560718771, 0.9426628759385385,